user_name,total_coins,tx_count,last_payment_date,sub_segment,priority
3QSRiduA,3956,171,2026-02-18,C (2月〜直近),★★★
nigumaru,2172,12,2026-02-17,C (2月〜直近),★★★
nohohon_123,1578,42,2026-02-15,C (2月〜直近),★★★
D8D8,1555,7,2026-02-15,C (2月〜直近),★★★
ryo940409,1500,10,2026-02-20,C (2月〜直近),★★★
DrinkTea9,1443,18,2026-02-15,C (2月〜直近),★★★
take7100,1383,13,2026-02-18,C (2月〜直近),★★★
ponpoko0721,1354,54,2026-02-18,C (2月〜直近),★★★
FungalTimes,1200,47,2026-02-21,C (2月〜直近),★★★
sugar0176,1067,22,2026-02-21,C (2月〜直近),★★★
OlfaX,1050,7,2026-02-20,C (2月〜直近),★★★
yoshi3969,1042,17,2026-02-17,C (2月〜直近),★★★
matsu_3rd,939,33,2026-02-15,C (2月〜直近),★★★
matoki_k,910,20,2026-02-21,C (2月〜直近),★★★
a7zejdbrvq,871,61,2026-02-20,C (2月〜直近),★★★
eitan29,769,19,2026-02-20,C (2月〜直近),★★★
rth21356,760,10,2026-02-15,C (2月〜直近),★★★
potetochips,666,14,2026-02-21,C (2月〜直近),★★★
kata119,636,6,2026-02-10,C (2月〜直近),★★★
max___v,600,4,2026-02-11,C (2月〜直近),★★★
DAIKICHI88,585,15,2026-02-08,C (2月〜直近),★★★
koichi50,580,9,2026-02-15,C (2月〜直近),★★★
OverusedHabitue,561,14,2026-02-13,C (2月〜直近),★★★
shuuichiyoshim1,552,3,2026-02-08,C (2月〜直近),★★★
akinai-haru,540,4,2026-02-08,C (2月〜直近),★★★
noriko3,514,45,2026-02-19,C (2月〜直近),★★★
m1m1sss,492,27,2026-02-18,C (2月〜直近),★★★
Kazuyan84,470,6,2026-02-18,C (2月〜直近),★★★
kuturogi,451,4,2026-02-20,C (2月〜直近),★★★
mmms4624,450,3,2026-02-18,C (2月〜直近),★★★
dandadai,450,3,2026-02-17,C (2月〜直近),★★★
hachiremo,450,3,2026-02-01,C (2月〜直近),★★★
sinsin1978,450,3,2026-02-07,C (2月〜直近),★★★
masuzoom,450,3,2026-02-17,C (2月〜直近),★★★
shuniyan,450,3,2026-02-18,C (2月〜直近),★★★
satouakira,450,7,2026-02-08,C (2月〜直近),★★★
besthit,450,3,2026-02-20,C (2月〜直近),★★★
ke_i_05,450,3,2026-02-17,C (2月〜直近),★★★
ejparty2003,450,3,2026-02-05,C (2月〜直近),★★★
TTTbonnou2992,450,3,2026-02-06,C (2月〜直近),★★★
bobio2,450,3,2026-02-01,C (2月〜直近),★★★
Jmadgtwpd-5,450,3,2026-02-18,C (2月〜直近),★★★
ksipai,450,3,2026-02-11,C (2月〜直近),★★★
ina24shi,450,3,2026-02-08,C (2月〜直近),★★★
care999,450,3,2026-02-15,C (2月〜直近),★★★
forestdappe,450,3,2026-02-07,C (2月〜直近),★★★
kiya-yuma,450,3,2026-02-21,C (2月〜直近),★★★
IKURO_60,416,9,2026-02-20,C (2月〜直近),★★★
YOSHIKI-55,400,3,2026-02-18,C (2月〜直近),★★★
BOZEMEN,385,17,2026-02-05,C (2月〜直近),★★★
spst48,372,6,2026-02-11,C (2月〜直近),★★★
hentaijap,368,6,2026-02-17,C (2月〜直近),★★★
tonguepang,348,5,2026-02-17,C (2月〜直近),★★★
fumi5zuri,345,5,2026-02-18,C (2月〜直近),★★★
papamoeyuu,325,4,2026-02-21,C (2月〜直近),★★★
hanahana-love,322,5,2026-02-13,C (2月〜直近),★★★
manayansky69,316,12,2026-02-11,C (2月〜直近),★★★
55cherry,314,4,2026-02-10,C (2月〜直近),★★★
tatamichi,312,4,2026-02-03,C (2月〜直近),★★★
m-y1975,310,3,2026-02-21,C (2月〜直近),★★★
Ryon1219,305,3,2026-02-18,C (2月〜直近),★★★
seiji1012,301,3,2026-02-06,C (2月〜直近),★★★
NON0504,301,3,2026-02-18,C (2月〜直近),★★★
gagago567,300,2,2026-02-07,C (2月〜直近),★★★
chinzaryo,300,2,2026-02-11,C (2月〜直近),★★★
rager2023,300,2,2026-02-03,C (2月〜直近),★★★
amgwj,300,2,2026-02-15,C (2月〜直近),★★★
whiteblack25,300,2,2026-02-17,C (2月〜直近),★★★
toto08425,300,2,2026-02-17,C (2月〜直近),★★★
ryo_1214,300,2,2026-02-11,C (2月〜直近),★★★
Ninja3712,300,2,2026-02-08,C (2月〜直近),★★★
ocean350,300,2,2026-02-13,C (2月〜直近),★★★
vin_____,300,2,2026-02-15,C (2月〜直近),★★★
renren2049,300,2,2026-02-05,C (2月〜直近),★★★
ENARI-,300,2,2026-02-17,C (2月〜直近),★★★
jhonson-gt,300,2,2026-02-02,C (2月〜直近),★★★
SnoopingMarauder,300,2,2026-02-20,C (2月〜直近),★★★
sarukame,300,2,2026-02-03,C (2月〜直近),★★★
kumaaan,300,2,2026-02-17,C (2月〜直近),★★★
panpapapan,300,2,2026-02-13,C (2月〜直近),★★★
sukekiyo0222,300,2,2026-02-03,C (2月〜直近),★★★
hiro150879,300,2,2026-02-01,C (2月〜直近),★★★
NHFat,300,2,2026-02-17,C (2月〜直近),★★★
gaabann,300,2,2026-02-08,C (2月〜直近),★★★
5150ryu,300,2,2026-02-03,C (2月〜直近),★★★
ryuki239,300,2,2026-02-02,C (2月〜直近),★★★
ZERO58749,300,2,2026-02-06,C (2月〜直近),★★★
michihiro529,300,2,2026-02-17,C (2月〜直近),★★★
sukusuku30,300,2,2026-02-02,C (2月〜直近),★★★
NAOoone,300,2,2026-02-15,C (2月〜直近),★★★
tuyopan0987,300,2,2026-02-20,C (2月〜直近),★★★
cherrybsk,300,2,2026-02-08,C (2月〜直近),★★★
akehiro515,300,2,2026-02-17,C (2月〜直近),★★★
mainichigaeveryday,300,2,2026-02-11,C (2月〜直近),★★★
akinoki01,300,2,2026-02-02,C (2月〜直近),★★★
090325qqq,300,2,2026-02-08,C (2月〜直近),★★★
donbei1234,300,2,2026-02-05,C (2月〜直近),★★★
TOTO0914,300,2,2026-02-05,C (2月〜直近),★★★
y87k,300,2,2026-02-05,C (2月〜直近),★★★
VerifiedPoetics,300,2,2026-02-01,C (2月〜直近),★★★
mjh-five,300,2,2026-02-05,C (2月〜直近),★★★
kouji00912,300,2,2026-02-20,C (2月〜直近),★★★
shimayahonten,300,2,2026-02-11,C (2月〜直近),★★★
santa3106,300,4,2026-02-08,C (2月〜直近),★★★
hijikata77,300,2,2026-02-15,C (2月〜直近),★★★
tatumnagase,300,2,2026-02-01,C (2月〜直近),★★★
xyztai,300,2,2026-02-18,C (2月〜直近),★★★
HeardQueue,300,2,2026-02-15,C (2月〜直近),★★★
dorokamome,300,2,2026-02-05,C (2月〜直近),★★★
ace2525d,300,2,2026-02-08,C (2月〜直近),★★★
Nyuanbo,300,2,2026-02-15,C (2月〜直近),★★★
LiableWarner,300,2,2026-02-21,C (2月〜直近),★★★
omaaame,300,2,2026-02-05,C (2月〜直近),★★★
zazza100117,300,2,2026-02-11,C (2月〜直近),★★★
ohagidaisuki,300,2,2026-02-15,C (2月〜直近),★★★
CoveringLamisil,4338,167,2026-02-21,B (1月),★★
DR6M,2761,110,2026-02-21,B (1月),★★
TAG_2000,2528,58,2026-02-17,B (1月),★★
Chikanshya_thomas,2454,84,2026-01-27,B (1月),★★
MASATO1229,2084,29,2026-02-15,B (1月),★★
syamohakusyaku,1790,42,2026-02-18,B (1月),★★
tohru07,1620,19,2026-02-08,B (1月),★★
gameoji,1572,21,2026-02-13,B (1月),★★
Yosshiii_444,1425,36,2026-02-01,B (1月),★★
hiro-1983,1379,14,2026-02-15,B (1月),★★
makb6507,1350,9,2026-02-15,B (1月),★★
keichan360,1259,12,2026-02-02,B (1月),★★
nwojapan,1200,8,2026-02-18,B (1月),★★
s-a-t-o1128,1065,36,2026-02-20,B (1月),★★
Ataoka731,1045,36,2026-01-18,B (1月),★★
mjupgadnkwm,1038,30,2026-02-13,B (1月),★★
angewing,922,22,2026-01-29,B (1月),★★
fukutoku,900,6,2026-01-27,B (1月),★★
tabeo0517,869,21,2026-02-05,B (1月),★★
T--JOKER,804,98,2026-02-17,B (1月),★★
oyszi,777,10,2026-02-20,B (1月),★★
tax10tax,762,7,2026-02-15,B (1月),★★
k1lss,750,5,2026-02-13,B (1月),★★
Kuma_Jiro_vOoOv,750,24,2026-01-03,B (1月),★★
masa332,750,5,2026-02-20,B (1月),★★
yut_1109,644,10,2026-01-04,B (1月),★★
gennaitan,600,4,2026-02-02,B (1月),★★
puni1986,600,4,2026-01-27,B (1月),★★
kumaKuma-,600,4,2026-01-16,B (1月),★★
Tama2112,600,4,2026-02-15,B (1月),★★
kei031996,540,4,2026-02-08,B (1月),★★
Kawa-_-,505,7,2026-01-12,B (1月),★★
Liz901,504,9,2026-02-21,B (1月),★★
jakewoyadi,500,6,2026-01-22,B (1月),★★
peropoti4545,485,13,2026-01-12,B (1月),★★
aniki_no_otouto,450,3,2026-01-22,B (1月),★★
shintan333,450,3,2026-02-10,B (1月),★★
push2024,450,3,2026-01-11,B (1月),★★
toshi11001,450,3,2026-02-05,B (1月),★★
P-NEKO,450,3,2026-02-03,B (1月),★★
komorororo,435,13,2026-01-18,B (1月),★★
73gg,434,5,2026-02-15,B (1月),★★
ICHIYAMAN1984riri,430,3,2026-01-11,B (1月),★★
TAKAHIRO5701,424,18,2026-01-20,B (1月),★★
3073jy,422,5,2026-01-30,B (1月),★★
butadonprince,402,10,2026-01-13,B (1月),★★
py4g8fc3z,395,13,2026-02-02,B (1月),★★
bjorn82,352,3,2026-01-22,B (1月),★★
kyp2202,339,7,2026-02-13,B (1月),★★
melonpanna-chan,338,6,2026-01-18,B (1月),★★
CheckedCarrot,320,3,2026-01-27,B (1月),★★
CUNE69,310,5,2026-01-11,B (1月),★★
Chocochip123,303,5,2026-01-11,B (1月),★★
goldberg1019,300,4,2026-01-11,B (1月),★★
adwtmw,300,2,2026-01-13,B (1月),★★
atozeki,300,2,2026-01-04,B (1月),★★
gk1spike,300,2,2026-01-11,B (1月),★★
PRI_GR,300,2,2026-01-03,B (1月),★★
Tamonosuke,300,3,2026-01-04,B (1月),★★
AJACON2220,300,2,2026-01-02,B (1月),★★
tutu9536,300,2,2026-01-12,B (1月),★★
alllen10,300,2,2026-01-04,B (1月),★★
tantora24,300,2,2026-01-04,B (1月),★★
kahhh1978,300,2,2026-01-03,B (1月),★★
wwmwwkk,300,2,2026-01-18,B (1月),★★
yma1062,300,2,2026-01-22,B (1月),★★
chinchon109,300,2,2026-01-02,B (1月),★★
Liptonwww,300,2,2026-01-12,B (1月),★★
okazu1,300,2,2026-01-12,B (1月),★★
spikazzz,300,2,2026-01-12,B (1月),★★
ozakenken_raul,300,2,2026-01-12,B (1月),★★
ohohohoho,300,2,2026-01-12,B (1月),★★
zoo0021,300,2,2026-01-12,B (1月),★★
jagajii,300,2,2026-01-04,B (1月),★★
makuri2104,300,2,2026-01-04,B (1月),★★
yukiyuki1523,300,2,2026-01-02,B (1月),★★
RuIlLYlY,300,2,2026-01-04,B (1月),★★
tomotomoka,300,2,2026-01-02,B (1月),★★
araiphone,300,2,2026-01-18,B (1月),★★
mamtom02,300,2,2026-01-07,B (1月),★★
zukia7610,300,2,2026-01-18,B (1月),★★
Hiropon1978,300,2,2026-01-02,B (1月),★★
yayo6981,300,2,2026-01-03,B (1月),★★
BravedGet,300,2,2026-01-16,B (1月),★★
2UPLOG8,300,2,2026-01-04,B (1月),★★
imim0424,300,2,2026-01-30,B (1月),★★
hide7272,300,2,2026-01-02,B (1月),★★
sensen31,300,2,2026-01-27,B (1月),★★
carpred,300,2,2026-01-30,B (1月),★★
pocapoca33,300,2,2026-01-14,B (1月),★★
yoshi5678,300,2,2026-01-04,B (1月),★★
sacaero,300,2,2026-01-16,B (1月),★★
sashi777,300,2,2026-01-04,B (1月),★★
mumuta_,300,2,2026-01-04,B (1月),★★
sukebesennin,300,2,2026-01-04,B (1月),★★
CrickingPlatelet,300,2,2026-01-04,B (1月),★★
a_ihia,300,2,2026-01-04,B (1月),★★
orangecake,300,2,2026-01-07,B (1月),★★
muneymam,300,2,2026-01-02,B (1月),★★
hiro---kun,300,2,2026-01-04,B (1月),★★
Konigachi,300,2,2026-01-04,B (1月),★★
rosso12345,300,2,2026-01-02,B (1月),★★
zu7y-ond,300,2,2026-01-18,B (1月),★★
nachi3150,300,2,2026-01-04,B (1月),★★
akamaru535,300,2,2026-01-04,B (1月),★★
ikuooooo,300,2,2026-01-04,B (1月),★★
t410517,300,3,2026-01-11,B (1月),★★
yusuyu,300,2,2026-01-27,B (1月),★★
srttky,300,2,2026-01-18,B (1月),★★
FeudalSnipping,300,2,2026-01-04,B (1月),★★
smart_wonder21th,300,2,2026-01-04,B (1月),★★
mflsjim74,300,2,2026-01-04,B (1月),★★
naru_17,300,2,2026-01-04,B (1月),★★
99yoshiaqua,300,2,2026-01-04,B (1月),★★
tiba0210,300,2,2026-01-18,B (1月),★★
tomo117,300,2,2026-01-18,B (1月),★★
youmakemehappy,300,2,2026-01-30,B (1月),★★
ryochin0216,300,2,2026-01-27,B (1月),★★
wGIOw,300,2,2026-01-27,B (1月),★★
ESTACOT,300,2,2026-01-30,B (1月),★★
oneblue000,300,2,2026-01-27,B (1月),★★
manabu31,4858,39,2026-02-15,A (11-12月),★
signa7182,4444,104,2025-12-28,A (11-12月),★
123dada12,3386,42,2026-02-11,A (11-12月),★
t-featuring-k,2839,76,2026-02-13,A (11-12月),★
DRD2U,2351,105,2025-12-21,A (11-12月),★
StrodeOfficer,2250,15,2026-02-08,A (11-12月),★
1077zapon,2204,97,2026-01-27,A (11-12月),★
yjt3gm,2106,80,2026-02-15,A (11-12月),★
kinta_kuma56,2000,124,2026-01-30,A (11-12月),★
HYT_9212,1599,23,2026-02-15,A (11-12月),★
LL5698KK,1512,26,2026-02-17,A (11-12月),★
kenkyu-in,1440,10,2025-12-28,A (11-12月),★
YOUchan31,1440,10,2026-02-17,A (11-12月),★
redgobgob,1396,26,2025-12-03,A (11-12月),★
shirai072084,1350,9,2026-02-15,A (11-12月),★
banksu,1175,22,2026-02-20,A (11-12月),★
jun0100z,1153,12,2026-01-03,A (11-12月),★
oily_goldman,1103,14,2026-01-03,A (11-12月),★
lc211bk,1082,9,2026-02-08,A (11-12月),★
knrmari,1050,7,2026-02-07,A (11-12月),★
SingingChance1,1050,7,2026-02-15,A (11-12月),★
hidehoooo,1050,7,2026-02-03,A (11-12月),★
kyo-oooooooooo,1030,15,2026-02-18,A (11-12月),★
KUROBON,990,7,2026-02-13,A (11-12月),★
marin202412,970,11,2026-01-12,A (11-12月),★
tomoh0527,900,6,2026-02-17,A (11-12月),★
Kuribo_jp,884,22,2026-02-17,A (11-12月),★
okst1990,871,7,2026-01-13,A (11-12月),★
rikitanien,870,6,2026-02-18,A (11-12月),★
Ryuuchannnn,850,5,2026-01-12,A (11-12月),★
ironhair849,850,5,2026-01-12,A (11-12月),★
ttttta,850,5,2026-01-12,A (11-12月),★
m96kurosuke,850,5,2026-01-12,A (11-12月),★
Gear4th_Snakeman,850,5,2026-01-12,A (11-12月),★
taro1765,850,5,2026-01-12,A (11-12月),★
z-aw,850,5,2026-01-12,A (11-12月),★
Yuki9347,850,5,2026-01-12,A (11-12月),★
Knight_schmacher,850,5,2026-01-12,A (11-12月),★
hiromare8864,850,5,2026-01-12,A (11-12月),★
426439pdtd,850,5,2026-01-12,A (11-12月),★
Anythingmature2024,794,29,2026-01-18,A (11-12月),★
rerere2525,768,12,2025-11-29,A (11-12月),★
hidechii,750,5,2025-12-21,A (11-12月),★
wataboku,750,5,2026-01-16,A (11-12月),★
nonosan0103,731,13,2026-02-08,A (11-12月),★
pocopoco-chinpo,722,74,2026-01-07,A (11-12月),★
Nekomeem34,719,11,2025-12-10,A (11-12月),★
CrickedVitals,718,30,2026-02-07,A (11-12月),★
drms0314,701,5,2026-01-12,A (11-12月),★
showzama,700,4,2026-01-12,A (11-12月),★
ozuma17856,700,4,2025-11-30,A (11-12月),★
Crystal_Bowies,700,4,2025-11-30,A (11-12月),★
tamen_,700,4,2026-01-12,A (11-12月),★
yukinishi45,700,4,2026-01-12,A (11-12月),★
ozksyic,700,4,2026-01-12,A (11-12月),★
Hoshiimo-chan,700,4,2026-01-12,A (11-12月),★
taaa0009,700,4,2026-01-12,A (11-12月),★
hirokutk,700,4,2026-01-12,A (11-12月),★
meru0207,700,4,2026-01-12,A (11-12月),★
arare2025,700,4,2026-01-12,A (11-12月),★
yu__02,700,4,2026-01-12,A (11-12月),★
anarchymons,700,4,2026-01-12,A (11-12月),★
MashedLocalism,700,4,2026-01-12,A (11-12月),★
master0802,700,4,2026-01-12,A (11-12月),★
maako1,700,4,2026-01-03,A (11-12月),★
ixReflex,650,4,2026-01-12,A (11-12月),★
Otchansono1,650,4,2026-01-12,A (11-12月),★
povochan,650,4,2026-01-12,A (11-12月),★
km570480,650,4,2026-01-12,A (11-12月),★
homhom_ho,650,4,2026-01-12,A (11-12月),★
TaKa-0715,650,4,2026-01-12,A (11-12月),★
Chuchugood,602,7,2025-12-28,A (11-12月),★
mitsunosuke,601,5,2026-02-07,A (11-12月),★
JP_SaaaN,600,4,2026-02-06,A (11-12月),★
KAMEPAPA,600,4,2026-02-18,A (11-12月),★
Little-pigandbuffalo,600,4,2026-02-01,A (11-12月),★
orachan,600,4,2026-02-10,A (11-12月),★
KZ999988,600,4,2026-01-07,A (11-12月),★
oreteeeeg,600,4,2026-01-27,A (11-12月),★
rsd2024,588,9,2026-01-03,A (11-12月),★
RodClassic,577,20,2026-02-16,A (11-12月),★
QP753,550,3,2025-11-30,A (11-12月),★
yobick1208,550,3,2025-11-30,A (11-12月),★
guren_1021,550,3,2026-01-12,A (11-12月),★
Yama102533,550,3,2025-11-30,A (11-12月),★
Yuta_1234,550,3,2025-11-30,A (11-12月),★
bariy12,550,3,2025-11-30,A (11-12月),★
chyanchyan45,550,3,2026-01-12,A (11-12月),★
dazooooon,550,3,2025-11-30,A (11-12月),★
Jokerjoker06,550,3,2025-11-30,A (11-12月),★
lgrk6104,550,3,2025-11-30,A (11-12月),★
CSY0328,550,3,2026-01-12,A (11-12月),★
akrakr0729,550,3,2025-11-30,A (11-12月),★
ryou_tin,550,3,2025-11-30,A (11-12月),★
masa0022,550,3,2025-11-30,A (11-12月),★
kenken2016,550,3,2025-11-30,A (11-12月),★
Gokuraku007,550,3,2025-11-30,A (11-12月),★
twtm12264,550,3,2026-01-12,A (11-12月),★
yasuyasusan,550,3,2026-01-12,A (11-12月),★
affryc,550,3,2025-11-30,A (11-12月),★
pichikuri,550,3,2026-01-12,A (11-12月),★
yingjing3901,550,3,2025-11-30,A (11-12月),★
31415sincos,550,3,2025-11-30,A (11-12月),★
nakano-23,550,3,2025-11-30,A (11-12月),★
satoutasuku,550,3,2026-01-12,A (11-12月),★
yokomari,550,3,2026-01-12,A (11-12月),★
machaoasis,545,8,2025-12-28,A (11-12月),★
tomosuki2025,542,24,2026-02-03,A (11-12月),★
redfox0331,534,7,2025-12-20,A (11-12月),★
satodesu510,521,5,2026-02-17,A (11-12月),★
kiss0403,500,3,2025-11-28,A (11-12月),★
moririnA,500,3,2026-01-12,A (11-12月),★
inc_fz2,500,3,2026-01-12,A (11-12月),★
AraHiro,500,3,2026-01-12,A (11-12月),★
xhj12412,500,3,2025-11-28,A (11-12月),★
nanashi_mumei,500,3,2026-01-12,A (11-12月),★
fanboy_12345,500,3,2025-11-28,A (11-12月),★
tommy999666,500,3,2026-01-12,A (11-12月),★
pon_poco_pon,500,3,2026-01-12,A (11-12月),★
GoldfishMemory,500,3,2026-01-12,A (11-12月),★
pon2929,500,3,2026-01-12,A (11-12月),★
cc22hh55,500,3,2026-01-12,A (11-12月),★
gaogao12345,500,3,2026-01-12,A (11-12月),★
popo_tata,500,3,2026-01-12,A (11-12月),★
segu98,500,3,2026-01-12,A (11-12月),★
Austin88549,500,3,2026-01-12,A (11-12月),★
okichan46,500,3,2026-01-12,A (11-12月),★
ero7700,500,3,2026-01-12,A (11-12月),★
piglet-robin,500,3,2026-01-12,A (11-12月),★
pppiii9328,500,3,2025-11-30,A (11-12月),★
krisroejon,500,3,2026-01-12,A (11-12月),★
2anubi,500,3,2026-01-12,A (11-12月),★
kanata_twin,500,3,2026-01-12,A (11-12月),★
takasan-revival,500,3,2026-01-12,A (11-12月),★
toytoy-box001,500,3,2026-01-12,A (11-12月),★
ADPDGGTTA,500,3,2026-01-12,A (11-12月),★
kitano1515,500,3,2026-01-12,A (11-12月),★
hiikooohiii,500,3,2026-01-12,A (11-12月),★
M3WLAEfUvDZhz6y,500,3,2026-01-12,A (11-12月),★
kuribow1,486,8,2025-12-25,A (11-12月),★
TaoTao_55,485,24,2026-02-15,A (11-12月),★
take5500,477,7,2026-02-21,A (11-12月),★
shinshinshin14,465,4,2026-02-05,A (11-12月),★
sabakan252525,465,5,2026-01-14,A (11-12月),★
motitsuki47,460,4,2026-01-13,A (11-12月),★
ssmasashi,460,11,2025-12-28,A (11-12月),★
0278amo,451,4,2026-01-27,A (11-12月),★
haru-xyz,450,3,2025-12-28,A (11-12月),★
fuku525,450,3,2026-02-21,A (11-12月),★
Syunyassss,450,3,2025-12-18,A (11-12月),★
thetimefor,450,3,2026-01-18,A (11-12月),★
ponpoooo,450,3,2025-12-18,A (11-12月),★
hanawa4545,450,3,2026-01-07,A (11-12月),★
yorochikbi,450,3,2026-01-14,A (11-12月),★
taka351026,450,3,2026-01-27,A (11-12月),★
Kaminari-Boy,450,3,2025-12-14,A (11-12月),★
gaigai0140,450,3,2026-02-08,A (11-12月),★
masaxxxxmasa,450,3,2026-02-01,A (11-12月),★
wat999w,450,3,2025-12-13,A (11-12月),★
Michaeda,450,3,2026-02-10,A (11-12月),★
wakisuke7373,450,3,2026-02-03,A (11-12月),★
VVV0069,450,3,2026-02-15,A (11-12月),★
sskk2244,450,3,2026-02-05,A (11-12月),★
pepechanchan,450,3,2026-01-04,A (11-12月),★
HIDE-K9999,401,3,2025-11-30,A (11-12月),★
aunt99,400,2,2025-11-30,A (11-12月),★
reo_reo_987,400,2,2025-11-30,A (11-12月),★
magmachan,400,2,2025-11-30,A (11-12月),★
fox2nxt84,400,2,2025-11-30,A (11-12月),★
yoyoyo890531,400,2,2025-11-30,A (11-12月),★
informationA,400,2,2025-11-30,A (11-12月),★
tomswalk,400,2,2025-11-30,A (11-12月),★
kimu2024,400,2,2025-11-30,A (11-12月),★
ggg2121ryo,400,2,2025-11-30,A (11-12月),★
ttsth,400,2,2025-11-30,A (11-12月),★
Ponzy2025,390,3,2026-01-02,A (11-12月),★
HandmadeDegree6,390,3,2026-02-06,A (11-12月),★
goatex,390,3,2026-01-11,A (11-12月),★
GingerOnion,386,13,2026-01-03,A (11-12月),★
yk33304,382,10,2025-11-19,A (11-12月),★
ferrari311,371,4,2026-01-12,A (11-12月),★
oton24011,370,3,2026-01-12,A (11-12月),★
koro0820,370,3,2025-11-26,A (11-12月),★
kazumichi,370,3,2025-11-26,A (11-12月),★
kantou1234,370,4,2025-12-13,A (11-12月),★
satoshi3104,361,5,2025-12-14,A (11-12月),★
YHVH75,351,4,2025-11-28,A (11-12月),★
yoshiko1,350,2,2025-11-28,A (11-12月),★
AlchemicPledge,350,2,2025-11-26,A (11-12月),★
taka789654,350,2,2025-11-28,A (11-12月),★
omten,350,2,2026-01-12,A (11-12月),★
ocha88,350,2,2026-01-12,A (11-12月),★
Flyaway120,350,2,2025-11-28,A (11-12月),★
shirashirabbq,350,2,2026-01-12,A (11-12月),★
jikefc,350,2,2026-01-12,A (11-12月),★
dojjang,350,2,2025-11-28,A (11-12月),★
ajgtmgpdwt,350,2,2025-11-28,A (11-12月),★
massan33,350,2,2026-01-12,A (11-12月),★
tetuman1104,350,2,2025-11-28,A (11-12月),★
koniKai,350,2,2026-01-12,A (11-12月),★
kappy2024,350,2,2025-11-26,A (11-12月),★
sko1234,350,2,2026-01-12,A (11-12月),★
nyakey,350,2,2025-11-26,A (11-12月),★
hipihipi3333,350,2,2025-11-28,A (11-12月),★
yeezykk12345,350,2,2025-11-28,A (11-12月),★
hiroki706,350,2,2025-11-26,A (11-12月),★
matak23456,350,2,2026-01-12,A (11-12月),★
Akhr9,350,2,2025-11-26,A (11-12月),★
bebe65387,350,2,2025-11-28,A (11-12月),★
aceof241215,350,2,2025-11-28,A (11-12月),★
naoScrewup,350,2,2025-11-28,A (11-12月),★
0801ku,350,2,2026-01-12,A (11-12月),★
supermanman,350,2,2025-11-28,A (11-12月),★
yuya0623,350,2,2025-11-28,A (11-12月),★
b021dhv,350,2,2025-11-28,A (11-12月),★
ichimongi,350,2,2025-11-28,A (11-12月),★
mamedaifukuodeko,350,2,2025-11-28,A (11-12月),★
zzzzwx,350,2,2025-11-28,A (11-12月),★
ffggccvvv,350,2,2025-11-28,A (11-12月),★
aiiiii7777,350,2,2025-11-28,A (11-12月),★
babachin11,350,2,2025-11-28,A (11-12月),★
kaninote,350,2,2025-11-26,A (11-12月),★
yskakira,350,2,2026-01-12,A (11-12月),★
0827mr,350,2,2025-11-26,A (11-12月),★
asd12325,350,2,2025-11-28,A (11-12月),★
kamaashi_1,350,2,2026-01-12,A (11-12月),★
F91_ggg,350,2,2025-11-26,A (11-12月),★
ah214,350,2,2026-01-12,A (11-12月),★
kuka1030,350,2,2025-11-28,A (11-12月),★
IT18IT18,350,2,2025-11-28,A (11-12月),★
TGWMJPTWEJT,350,2,2026-01-12,A (11-12月),★
taimyu,350,2,2025-11-26,A (11-12月),★
shigerutakashi,350,2,2025-11-28,A (11-12月),★
tamakara,350,2,2025-11-26,A (11-12月),★
txx7206543,350,2,2025-11-26,A (11-12月),★
chikyuhashimo,350,2,2025-11-30,A (11-12月),★
keiiichan,350,2,2025-11-30,A (11-12月),★
YUMA1983,350,2,2025-11-30,A (11-12月),★
JUN_SEXY_LOVE,350,2,2025-11-30,A (11-12月),★
Koya2810,350,2,2025-11-30,A (11-12月),★
ssjss_wtnb,350,2,2025-11-30,A (11-12月),★
maaaakun,350,2,2025-11-30,A (11-12月),★
kotobuki0632,350,2,2025-11-30,A (11-12月),★
dan-dan-,350,2,2025-11-30,A (11-12月),★
TOGEZO,350,2,2025-11-30,A (11-12月),★
makenoeiko,350,2,2025-11-30,A (11-12月),★
yukii444,350,2,2025-11-30,A (11-12月),★
tag059,350,2,2025-11-30,A (11-12月),★
yt2537,350,2,2025-11-30,A (11-12月),★
kasudesu,350,2,2025-11-30,A (11-12月),★
pooh-13579,350,2,2025-11-30,A (11-12月),★
Inukun05,350,2,2026-01-12,A (11-12月),★
tsuchwo,350,2,2026-01-12,A (11-12月),★
Rascal_aa,350,2,2026-01-12,A (11-12月),★
maasan57,350,2,2026-01-12,A (11-12月),★
nn99nn315,350,2,2026-01-12,A (11-12月),★
carp2048,350,2,2026-01-12,A (11-12月),★
copperCup,350,2,2026-01-12,A (11-12月),★
FluvialSoldiery,350,2,2026-01-12,A (11-12月),★
okazaki1212,350,2,2026-01-12,A (11-12月),★
gachadb,342,5,2026-01-11,A (11-12月),★
0930makoto,335,3,2025-12-28,A (11-12月),★
YOSHIEY,330,6,2025-12-28,A (11-12月),★
kena44,314,28,2025-12-24,A (11-12月),★
Z-85,307,3,2025-12-08,A (11-12月),★
Ichiyan3,303,3,2025-12-13,A (11-12月),★
Hiro_tte_Yonde,301,3,2025-12-20,A (11-12月),★
x_Kenken_x,300,2,2025-12-21,A (11-12月),★
nittai55,300,2,2025-12-24,A (11-12月),★
StatantOtitis,300,2,2025-12-28,A (11-12月),★
yoshi4151,300,2,2025-12-08,A (11-12月),★
yycadm,300,2,2025-11-28,A (11-12月),★
koketanikun1,300,2,2025-11-28,A (11-12月),★
gotou1223,300,2,2025-11-28,A (11-12月),★
bakibakipenis,300,2,2025-11-28,A (11-12月),★
ME345JOYLOVE,300,2,2025-11-26,A (11-12月),★
ButtonyTidings,300,2,2025-11-28,A (11-12月),★
tnp00000,300,2,2025-11-28,A (11-12月),★
akira0430,300,2,2025-11-28,A (11-12月),★
ebisato0940,300,2,2025-11-28,A (11-12月),★
zin0541,300,2,2025-12-28,A (11-12月),★
0178y,300,2,2025-12-18,A (11-12月),★
Zpoihhh,300,2,2025-12-10,A (11-12月),★
FrockedInteger,300,2,2025-12-03,A (11-12月),★
kkkktrrw,300,2,2025-11-29,A (11-12月),★
im_hro7,300,2,2025-12-28,A (11-12月),★
k_y223,300,2,2025-12-21,A (11-12月),★
LEGO1013,300,2,2025-12-25,A (11-12月),★
marlpolo,300,2,2025-12-14,A (11-12月),★
gp01fb,300,2,2025-12-28,A (11-12月),★
DOGSTERA,300,2,2025-12-28,A (11-12月),★
taketak2,300,2,2025-12-13,A (11-12月),★
KAGASHOUEI,300,2,2025-12-28,A (11-12月),★
kkkaaaaaddd,300,2,2025-12-21,A (11-12月),★
ajtpgb,300,2,2025-12-21,A (11-12月),★
SMONKY5,300,2,2025-12-28,A (11-12月),★
